[
  {
    "line": 1,
    "elements": [
      {
        "line": 3,
        "name": "Google search feature with anonymous user.",
        "description": "",
        "id": "google-search;google-search-feature-with-anonymous-user.",
        "type": "scenario",
        "keyword": "Scenario",
        "steps": [
          {
            "result": {
              "duration": 7504197743,
              "status": "passed"
            },
            "line": 5,
            "name": "user is on google page",
            "match": {
              "location": "GoogleSearchStepDefinitions.user_is_on_google_page()"
            },
            "keyword": "Given "
          },
          {
            "result": {
              "duration": 154050707,
              "status": "passed"
            },
            "line": 6,
            "name": "user enter text for search",
            "match": {
              "location": "GoogleSearchStepDefinitions.user_enter_text_for_search()"
            },
            "keyword": "Then "
          },
          {
            "result": {
              "duration": 2037887264,
              "status": "passed"
            },
            "line": 7,
            "name": "user submit the search",
            "match": {
              "location": "GoogleSearchStepDefinitions.user_submit_the_search()"
            },
            "keyword": "Then "
          },
          {
            "result": {
              "duration": 11098802,
              "status": "passed"
            },
            "line": 8,
            "name": "validate title is Hello- Google search",
            "match": {
              "location": "GoogleSearchStepDefinitions.validate_title_is_Hello_Google_search()"
            },
            "keyword": "Then "
          },
          {
            "result": {
              "duration": 1144685558,
              "status": "passed"
            },
            "line": 9,
            "name": "close the browser",
            "match": {
              "location": "GoogleSearchStepDefinitions.close_the_browser()"
            },
            "keyword": "Then "
          }
        ]
      }
    ],
    "name": "Google Search",
    "description": "",
    "id": "google-search",
    "keyword": "Feature",
    "uri": "src/test/java/com/google/feature/GoogleSearch.feature"
  }
]